real_values,predicted_values
-0.8,-0.5918258853554584
0.6,0.8419255171006026
-0.0571428571428571,-0.139872951500754
0.7714285714285715,0.8725404340217202
0.2571428571428571,-0.023826012890979603
0.2285714285714285,0.12500962511305297
-0.6285714285714286,-0.1712945205382881
-0.9428571428571428,-0.1256716335849005
0.2,-0.3088449200442841
0.7142857142857143,0.12608131230998604
0.3142857142857143,-0.2853935730200303
-0.3714285714285714,-0.19420571263056477
-0.7142857142857143,-0.0882673842502863
-0.2571428571428571,-0.37985557892389843
1.0571428571428572,0.6312965397472419
0.4857142857142857,0.8350355219097241
-1.1142857142857143,-0.438394402089806
-0.3428571428571428,-0.05403977615910782
-0.7142857142857143,-0.16024583258147562
0.3428571428571428,0.1763553408647875
-0.5428571428571428,-0.18343426797906887
-0.8285714285714286,0.17713677979483117
0.3142857142857143,-0.09669533805651623
-0.1142857142857142,-0.06831701546494251
-0.8571428571428571,-0.31434972441677944
-0.8857142857142857,-0.10345729778955326
-0.6,-0.23427666627206442
-0.7714285714285715,-0.37368428701303946
-1.4,-0.5469860388318706
-1.0,-0.5689164678828125
0.1714285714285714,-0.022182626788337823
-0.1142857142857142,-0.013099959565930103
0.4857142857142857,0.7224514924582974
-0.7714285714285715,-0.5324581579793151
-0.6,-0.4698546345753074
0.3428571428571428,-0.12258450007627408
0.4857142857142857,0.10236552179925384
0.1714285714285714,0.09849569488349008
0.5428571428571428,-0.213202137727165
0.2285714285714285,-0.15085463377693015
0.5714285714285714,-0.09012442388217151
-0.9142857142857144,-0.11347566287407612
1.3428571428571427,0.5080026561602429
-0.2285714285714285,0.06738539909792324
0.6,-0.22219298648641805
0.6285714285714286,0.5409451262647866
-1.0,-0.5503997640784091
0.5428571428571428,0.6510819031312334
-1.0571428571428572,-0.48024940522034965
-0.1714285714285714,-0.1942462444446294
-0.6,-0.07225457484644454
0.5714285714285714,0.09041917074794042
0.0,0.14500540928899824
-1.4,-0.6296810094627151
0.3428571428571428,-0.297422345507521
-0.5142857142857142,0.08721058548661759
-1.0,-0.5154247105070768
-0.1428571428571428,0.03919417595455793
0.5428571428571428,0.5851651735253169
0.2857142857142857,0.04575696388521233
0.0285714285714285,-0.2679150186833266
-0.6857142857142857,-0.258381925037662
-0.0857142857142857,0.562809092821112
-0.5428571428571428,-0.42156809132303497
0.0285714285714285,0.09891291313341682
-0.2857142857142857,-0.177002128188352
0.4571428571428571,-0.04448277911229595
0.4571428571428571,-0.016557050447070953
-0.4571428571428571,0.12729943849847009
-0.2571428571428571,0.08727541558217194
0.4285714285714285,-0.3977428473431962
-0.8,-0.5254825027355764
-0.4285714285714285,-0.02355206525372211
-0.6857142857142857,-0.2569455890820646
-0.2,-0.016573916201711086
0.3428571428571428,0.5033239471209339
-0.1142857142857142,-0.008480093151643692
-0.7142857142857143,-0.6565749812978594
-0.8285714285714286,-0.13445050629786867
0.4571428571428571,-0.1742634780067286
-0.8857142857142857,-0.3293425215744772
-1.4,-0.5657331159367425
-0.5142857142857142,0.04103739367900355
-0.2857142857142857,0.16294957743755012
-0.1714285714285714,0.14559491473911934
0.6571428571428571,0.17550366590564725
-0.7714285714285715,0.08512827260485517
0.6571428571428571,-0.4241301946536481
0.4857142857142857,0.0583493956756177
1.3428571428571427,0.41395333798235073
-0.5142857142857142,-0.17711489229284577
0.6571428571428571,0.06545167469512964
-1.457142857142857,-0.5621360194122635
0.5714285714285714,0.046103374270700825
0.4857142857142857,0.3877543025342011
0.5714285714285714,-0.16409237638083335
0.4857142857142857,0.29574400873305423
-0.9142857142857144,-0.22646849282183468
0.3714285714285714,-0.09376989341759315
-0.0857142857142857,-0.2665385402142877
1.2285714285714286,0.3865720392647804
-0.8857142857142857,-0.24461842979884071
0.5428571428571428,0.07998146918018262
0.0,-0.01687814388805503
-0.6857142857142857,-0.2479138566680571
-0.7428571428571429,-0.03139307609745054
0.6285714285714286,-0.24673218200693298
0.4857142857142857,-0.2535624619347691
0.0571428571428571,-0.13689861521093113
0.5428571428571428,-0.036888001071188836
0.7428571428571429,0.03491882233068738
0.2571428571428571,0.4130445699514061
-0.2857142857142857,0.02586244131382065
0.2857142857142857,-0.2286094273593419
0.4857142857142857,-0.19938609143084818
0.6285714285714286,-0.16522642980242375
0.2571428571428571,-0.15006469025221808
0.2,-0.12538901963881602
0.5428571428571428,-0.23241094872955523
0.4,-0.08185967131603486
-1.2285714285714286,-0.6034178467474114
-0.7142857142857143,-0.007171436225397343
0.2,0.0754808847990206
0.4857142857142857,-0.016633430715085107
-1.0571428571428572,-0.6065919297846941
0.6,0.014439260862751851
-0.5142857142857142,0.14274891052955613
-0.4857142857142857,-0.24610904432421282
0.3428571428571428,-0.20134624918500443
-0.8,-0.4081070543619465
0.0285714285714285,-0.011976441750186972
-0.0857142857142857,-0.3112947333117574
-0.1428571428571428,-0.024539307304184327
-0.0857142857142857,-0.06128976004043299
0.7142857142857143,-0.3522340252810015
0.2,0.4654078942046869
0.3142857142857143,0.6235090394480343
-0.7714285714285715,0.10064461810261144
0.9142857142857144,0.3950302337155533
-0.5714285714285714,-0.2414511079607692
0.4285714285714285,-0.08003129700325737
0.3142857142857143,0.0242813647141836
-0.1428571428571428,0.22312433420273042
0.6285714285714286,-0.021713589862114135
-0.4571428571428571,-0.028196554798809004
0.5714285714285714,-0.32747190624069566
0.6857142857142857,-0.5160464767233488
-0.5714285714285714,0.21073902935243555
0.2571428571428571,-0.1559725038420451
0.6857142857142857,0.12320003765244841
-0.3428571428571428,-0.1719401199158963
0.5714285714285714,0.005475119271083462
0.7714285714285715,0.5971896509718952
0.3714285714285714,-0.456936025565131
-0.3714285714285714,0.05021691355111563
-0.7428571428571429,-0.32000633466088146
0.4285714285714285,-0.6853947187005733
0.3428571428571428,-0.272689429968337
-1.2285714285714286,-0.5365933971707785
0.2,0.13075118147960385
-0.8571428571428571,-0.5880350220216561
0.2857142857142857,0.0702673837182834
0.8857142857142857,0.7071799354645787
0.5714285714285714,0.5097225922344224
-0.9428571428571428,-0.5081585522155836
-0.2285714285714285,-0.16674162156232833
0.1428571428571428,-0.3088715004113154
0.4,-0.09458739146164896
-0.8285714285714286,-0.17341514762307564
0.2285714285714285,-0.558105498629133
0.2,-0.23616323726492303
0.4857142857142857,-0.2904486678299746
0.4857142857142857,0.19452966717120024
0.8857142857142857,0.5764557185705164
0.0857142857142857,-0.17716132135553578
-1.1714285714285717,-0.47131275840745446
-1.2857142857142858,-0.5473012668755317
0.2857142857142857,-0.1435695661813874
0.4857142857142857,0.5917605671082353
0.3428571428571428,-0.2431384492394295
0.0857142857142857,-0.3948890960145454
0.4,-0.4000291102507548
-0.0571428571428571,0.02651837989462874
-0.1142857142857142,-0.04840643575864523
-0.9428571428571428,-0.2864564429446634
0.0,-0.2682097031979968
-1.4,-0.6191804397997795
0.6,-0.16938321336372505
-0.7714285714285715,-0.11642296354244891
0.1428571428571428,0.0035584589579723824
0.6285714285714286,0.030226471949509337
-0.3714285714285714,-0.21930267949264745
0.3714285714285714,-0.3765366808107526
0.4571428571428571,-0.19595214871520705
-0.8,-0.11155538635041914
0.0,0.13126987280732355
0.0285714285714285,-0.4027439985914275
0.0,-0.17785065175992307
-0.9428571428571428,-0.4101615649798694
-1.4,-0.6565158309563047
0.7428571428571429,-0.25748315880910555
0.1714285714285714,0.013798627444177758
-0.2285714285714285,-0.04747650217641222
-1.457142857142857,-0.5415751304249996
0.5142857142857142,-0.14658744859341946
0.5714285714285714,-0.2491301456824545
0.7142857142857143,-0.3006775796180243
-0.4285714285714285,-0.11300959601557145
0.7714285714285715,-0.25531631426303947
-1.3714285714285714,-0.5618592837657448
0.3142857142857143,0.5986737538523628
-0.6857142857142857,-0.21297312619208705
0.0,-0.3481764709917343
-0.3714285714285714,0.09296137983841063
0.2571428571428571,0.04678677667149844
0.7714285714285715,0.3882875510810921
-1.4,-0.6301344250928449
-0.0285714285714285,-0.20279150743774937
-0.5714285714285714,-0.07672805740133254
0.4857142857142857,0.06244650313888905
0.4857142857142857,0.0008925441405508439
0.3714285714285714,-0.48802011893409675
0.2571428571428571,-0.2487741008488438
-0.8,-0.19483882826529741
0.4857142857142857,0.6645856873296829
-0.1428571428571428,-0.05897213697759651
0.0571428571428571,0.09884490054910211
-0.1428571428571428,0.5269477610698916
0.2,0.05388603657608099
-1.0571428571428572,-0.4613722871033018
-0.0857142857142857,0.148098269754874
0.4,-0.07274596496831379
-0.5428571428571428,-0.5994537371323916
1.3428571428571427,0.27426115225360653
0.7142857142857143,-0.49331466326666323
0.5142857142857142,-0.08671401708938917
-0.0571428571428571,-0.3007957050010709
-0.5714285714285714,0.02558036501766925
-0.0285714285714285,-0.3845203535954094
0.2,0.5326085365549902
-0.7142857142857143,-0.07946072212851554
0.4857142857142857,0.0014959557555088154
-0.9142857142857144,-0.09375325466357304
0.2285714285714285,0.07891565436101428
-0.5142857142857142,0.1530531538166246
0.2,0.4779513054150641
-0.7428571428571429,0.08695559174606632
0.0,0.058011340280962664
-0.1142857142857142,-0.07427937738421372
0.4,0.17938065796133668
-0.2857142857142857,0.031844775896663735
-0.7714285714285715,-0.30109236166870756
0.6,0.12405607990142536
1.0571428571428572,0.4441107164625862
0.2285714285714285,0.21697311956523807
-0.5714285714285714,-0.0483210542560239
0.4,-0.2712226777005559
-1.1714285714285717,-0.540033807160275
-0.3428571428571428,0.0006442287315674977
0.5142857142857142,-0.23960525888589296
-0.4571428571428571,0.145016398769512
-0.3428571428571428,-0.12348442603725884
0.1428571428571428,0.009795854317254049
-0.6857142857142857,0.05066210349648209
0.2571428571428571,-0.16982462060572304
-0.6285714285714286,0.03136828782842227
0.7714285714285715,0.5382062791756337
0.2,-0.2990698778648968
-1.4,-0.6149317316270224
-0.8285714285714286,-0.33263737296224644
0.1428571428571428,-0.26810843390383293
-0.4571428571428571,-0.16656172447647416
-0.6,-0.12406184032168042
-0.2571428571428571,0.14488480299707462
-1.2285714285714286,-0.5744591770298375
-0.4571428571428571,0.11385980579268412
-0.0857142857142857,-0.09116211749504488
-0.8857142857142857,-0.6180991849188364
-0.3714285714285714,-0.19925781264926243
0.7714285714285715,0.06887878352084092
-0.3142857142857143,0.44227659367445066
1.3428571428571427,0.48347293456392765
-1.0857142857142856,-0.5021469064137153
0.2285714285714285,-0.15497776561045112
-0.0857142857142857,0.5530596161074137
-0.2285714285714285,-0.20577194714647531
0.6857142857142857,0.013581722901934629
-0.2857142857142857,-0.07912352946185885
0.2,-0.34841942600719095
0.5714285714285714,-0.13101375597968723
-0.4285714285714285,-0.1599036412008714
0.4571428571428571,0.25356564016345173
-0.4571428571428571,-0.3851296697484734
-0.0285714285714285,-0.024532534606440726
-0.4285714285714285,0.12671589455958593
0.4285714285714285,-0.026561091361261085
0.3142857142857143,-0.20888567320140206
-0.6285714285714286,-0.15323566785286036
0.4571428571428571,-0.3603832563075898
-0.2571428571428571,-0.2618624427320021
-0.7428571428571429,-0.05194228862537953
0.3142857142857143,0.15646223308654578
-0.0285714285714285,0.45887120120360786
-0.4857142857142857,-0.12875875292669517
0.6857142857142857,-0.018468312063800313
-1.0571428571428572,-0.51407308622968
-0.4285714285714285,-0.21195790281447743
0.0571428571428571,-0.09655482574559343
0.2,0.395811930943014
-0.9428571428571428,0.12294509393327174
-0.0285714285714285,0.01239130641371361
-0.9428571428571428,-0.2291251752613463
1.2,0.7354279245803239
-0.9142857142857144,-0.15231613690278176
-0.8857142857142857,-0.33581864102155246
0.5142857142857142,0.07105562137472071
-0.7428571428571429,-0.20904147332996828
-0.6571428571428571,-0.6432339204961208
-0.8,-0.056459488702229055
0.0285714285714285,-0.14117180844998967
0.2,0.10565769223284699
-1.2857142857142858,-0.5066297610450152
0.7142857142857143,-0.35832143573724023
-0.5142857142857142,-0.2627830327726105
-0.8285714285714286,-0.21965282955982143
-1.2857142857142858,-0.5832387545133353
-0.9428571428571428,-0.24774893865177955
0.6857142857142857,0.13534582652576904
0.2,0.08132496986231746
0.6571428571428571,0.037529889338389855
-0.8571428571428571,-0.02687870249542118
0.0571428571428571,0.5003355245309173
0.3142857142857143,-0.020899354651154473
-1.4,-0.593595791159777
-0.0571428571428571,-0.27879009541677785
0.8285714285714286,0.7796033208847837
0.5714285714285714,-0.16584637704265093
-0.1714285714285714,0.16401456185012392
-0.5714285714285714,0.12163188360359384
-0.6,-0.09211830818456271
-0.3142857142857143,-0.49913817541503164
-1.1142857142857143,-0.5866506865729075
0.7142857142857143,-0.08400168144106332
0.4285714285714285,0.03913601179075299
0.0,-0.09391608771663323
0.5428571428571428,0.0005355518049618979
0.4285714285714285,-0.09048849429950209
0.0857142857142857,-0.13863418217583431
0.2571428571428571,-0.3246353319392435
0.5714285714285714,-0.09216962554444486
-0.2857142857142857,-0.21657578924931864
-1.0571428571428572,-0.5367847593466717
-0.7142857142857143,-0.10507526215551226
-1.3428571428571427,-0.7444257908218253
-1.1142857142857143,-0.568865910895662
-0.9428571428571428,-0.08443308773599531
-1.0,-0.48651692413759157
-0.8285714285714286,-0.14848546839350424
0.6857142857142857,-0.12549781643613134
-1.1142857142857143,-0.4974433194345565
-0.0571428571428571,-0.29757625204509947
0.7142857142857143,0.2691537464417843
0.3428571428571428,0.41198595236774344
0.2,0.581983216383088
-0.5142857142857142,0.052154310633899026
-0.7142857142857143,-0.5346175351426546
-0.0857142857142857,0.07537064091946305
-0.8,-0.3341955369099121
0.5142857142857142,0.06422547003748252
1.3428571428571427,0.045498622955559564
0.2,0.04595636239468187
1.0571428571428572,0.45184293826186733
0.6571428571428571,-0.03238523667762125
-0.3142857142857143,-0.1419162568133621
-0.2,-0.458245141647765
-0.8571428571428571,-0.03250260963487342
-1.457142857142857,-0.5724643413445202
0.4,-0.05476163006273849
-0.3714285714285714,0.03410818285068623
-0.8857142857142857,0.007798460048751621
-0.3142857142857143,-0.05022061604711253
-0.6571428571428571,-0.16562826278980153
-0.5142857142857142,-0.24990162229650886
0.5428571428571428,-0.209908423599307
0.4,0.028677482596623893
-0.0571428571428571,-0.15169566918519337
0.4,-0.32359748103996644
0.5714285714285714,-0.3532894509852429
-0.7428571428571429,-0.10461016422376343
0.4285714285714285,0.7355727481405925
0.7714285714285715,0.5378063178240666
-0.1714285714285714,0.14343142963829641
-0.5428571428571428,-0.1079544885141337
-0.6,-0.08005035916185271
-0.1428571428571428,-0.43661402451477793
0.5428571428571428,-0.07698607144213937
-0.0857142857142857,0.4598342515308
0.7714285714285715,0.30903726841583584
0.3142857142857143,0.08963242456577353
-0.4,-0.09828257651198763
-0.4571428571428571,-0.20718977220210422
-0.9142857142857144,-0.094540931184246
-0.0285714285714285,-0.39914721763553324
-0.3428571428571428,-0.2844480615356273
-0.4285714285714285,0.1390545224280617
1.3428571428571427,0.3494889620274915
1.4857142857142858,0.4934949388390217
-0.7142857142857143,0.05311276262161185
-0.0285714285714285,-0.033976130136178284
-0.2571428571428571,0.03290576367448589
0.4857142857142857,0.275002273888236
-0.5428571428571428,-0.07445324191120273
-0.6285714285714286,-0.057690855590504186
-0.2571428571428571,0.5200167452261619
0.9142857142857144,0.06324523915219354
-0.6857142857142857,-0.49875987815931666
0.6857142857142857,0.05771324480936629
0.1142857142857142,-0.028207305544856287
-0.0571428571428571,-0.06906329633993297
0.2,0.5810641968164618
0.1428571428571428,-0.40584233537760706
-0.8285714285714286,-0.02808103762798045
0.5714285714285714,-0.03494035214708224
-0.6571428571428571,-0.27794127611323804
0.5428571428571428,-0.4762677369665617
-0.3714285714285714,-0.22643030461958902
0.0571428571428571,0.05174176907927486
0.2285714285714285,-0.12824608564220333
-0.2285714285714285,0.41524974951165666
0.6285714285714286,0.4570174656118056
0.1428571428571428,0.4432406340826754
0.7142857142857143,0.8447049411963596
0.4285714285714285,0.09436638078952347
-0.5428571428571428,-0.004735478266036569
0.5714285714285714,-0.013025781617336724
-0.0857142857142857,0.5826290526807922
0.4857142857142857,-0.25911033432023506
-1.5142857142857142,-0.6588541482868224
-0.4,-0.21653137278951198
0.4,-0.08317801239432171
0.5142857142857142,-0.06493617571062449
-1.2857142857142858,-0.5325420001126544
0.1428571428571428,-0.02318700264167195
0.5714285714285714,0.15305043708741106
0.2,0.7110724925426108
0.5428571428571428,0.20561551789014176
-1.1714285714285717,-0.5866624543549839
0.1142857142857142,-0.22048474972604384
-0.6,-0.39999515575080324
0.3428571428571428,-0.24443936141201333
0.8285714285714286,-0.006704743079536141
0.0285714285714285,-0.30153853341536185
0.4,0.10511945252072014
0.6,-0.3391213035537505
0.5714285714285714,-0.2472861002348966
-1.1714285714285717,-0.6126548281170836
-0.5142857142857142,0.7767483359275424
0.7714285714285715,0.15435462157176988
0.3714285714285714,-0.04287121974736979
-0.0285714285714285,-0.00046042098423584865
0.4285714285714285,-0.16002424970304335
-0.0571428571428571,0.01606816419715229
0.4857142857142857,-0.22499056450594282
0.7142857142857143,0.7351779446670985
-0.2571428571428571,0.01087708121738823
-0.4,-0.14535493377498304
-1.2285714285714286,-0.5886632293473694
-0.5428571428571428,-0.3943469349878521
-0.0857142857142857,0.3196070146222946
-0.6571428571428571,-0.004980147455546036
0.2,-0.14345033168670535
-1.1142857142857143,-0.627778826298456
-0.1428571428571428,0.19290627505063823
0.0571428571428571,-0.030764750121964446
0.6285714285714286,-0.25421801711709163
0.6571428571428571,-0.289273315222356
1.0571428571428572,0.20695683141438953
-0.8,-0.10330585831395117
-0.3714285714285714,0.43350362992004093
0.2,0.24877402470025234
-0.0571428571428571,-0.27449986460113923
0.2,0.37569115870714836
0.1142857142857142,0.16382607266179205
-0.3714285714285714,0.4713611862580291
0.1428571428571428,0.2805217886225547
0.4571428571428571,-0.07048798481119556
-0.5714285714285714,-0.007630164297840553
0.6,0.0017719375677223148
0.4857142857142857,0.7404274014108418
-0.5714285714285714,-0.03830543328668179
0.6857142857142857,0.0004738890634428672
-0.8857142857142857,-0.014075550567986567
0.3428571428571428,-0.2567063410386506
-1.2285714285714286,-0.7220126631508101
-0.0857142857142857,0.10916343443641163
0.2857142857142857,-0.3477441637143493
0.0,0.2521051358788344
0.6285714285714286,0.6078526720402606
0.3142857142857143,-0.2126427646625011
0.4857142857142857,0.22891517256157218
0.1428571428571428,0.054046323845875544
0.0,-0.23023607906454835
-0.0285714285714285,-0.0038744582951827644
-1.4,-0.48674488045122744
1.0571428571428572,0.5503519957088274
0.0,-0.1966866452137431
-0.6,-0.46358736978673987
-0.2857142857142857,-0.25579128194869827
-0.6,-0.5334312818015592
0.7428571428571429,-0.09411146835206431
0.1142857142857142,0.09782404930442695
-0.8285714285714286,-0.162871328048136
-0.7714285714285715,-0.5478147902629317
0.0571428571428571,0.51373586315325
-0.3428571428571428,0.064221434421739
0.1142857142857142,-0.30988277247284846
0.2,0.29630882030242883
0.7714285714285715,0.55025525735385
0.2,-0.0722317350599202
-0.5714285714285714,0.013345414098731578
-0.0857142857142857,0.4384746269444814
-0.6,-0.1623448847316568
0.1142857142857142,-0.05125807172029087
0.1714285714285714,-0.1069400921593891
-0.5142857142857142,0.1447569591765634
0.6571428571428571,-0.1148856782297904
-0.8857142857142857,-0.280451034020411
0.6,0.3935788244053369
-0.9142857142857144,0.017146943993931546
-0.2857142857142857,0.06497593827912129
-0.8285714285714286,-0.004619555258310759
0.3714285714285714,0.07244450296687938
-0.6857142857142857,-0.030239383012606647
0.4,-0.2330733922498929
-0.4,-0.20170800359513413
0.4285714285714285,-0.08996893372607728
-0.3714285714285714,-0.01735687140130801
0.7428571428571429,-0.1575093808119262
-0.6285714285714286,-0.17430789667214758
0.2,-0.2631949001982613
-0.7142857142857143,-0.1853135793346916
0.2571428571428571,-0.3003294538922253
0.1714285714285714,-0.19954703650972314
0.3714285714285714,-0.14697799335260703
-1.1142857142857143,-0.5192950183513712
0.2,0.17889701219319776
-0.7142857142857143,0.03228680915706439
-0.8571428571428571,-0.08914511351114834
0.5142857142857142,-0.04119326068539947
0.1142857142857142,-0.24461754834314275
0.2,0.2760494111814262
-0.6,-0.49862713535440967
-0.3142857142857143,0.10041814733345261
-0.2571428571428571,-0.14534588430517115
-0.0857142857142857,-0.13302498489313305
-0.4285714285714285,-0.46118891947916874
0.7714285714285715,0.7145170263627239
0.1714285714285714,-0.1010369281719743
-0.8857142857142857,0.18780471603063426
-0.6571428571428571,-0.11677216951967706
1.3428571428571427,0.2620739666600226
-0.4,0.06069793117869804
-0.4,0.06767697193706274
-0.1142857142857142,-0.23582825027028667
-0.4857142857142857,-0.04079213748250199
-0.6571428571428571,-0.10194192726046622
0.1428571428571428,-0.21065195607640624
-0.1142857142857142,-0.4009173144828745
0.0857142857142857,-0.026888859702066753
0.5142857142857142,-0.2939439646545621
0.0285714285714285,-0.12100510923224261
0.3428571428571428,0.24671833502785806
-0.6571428571428571,-0.5681542621346443
-0.6571428571428571,-0.14388646312828213
-0.3428571428571428,-0.08080920432999122
-0.8285714285714286,0.12983959040385534
0.0571428571428571,0.05581558610280246
-0.2285714285714285,-0.16416233819211087
-0.0285714285714285,0.02169245234244152
0.2,-0.10891255817293552
0.1142857142857142,-0.09204711195769133
0.5714285714285714,-0.21967990133789955
0.0285714285714285,-0.5949842415423447
-0.7714285714285715,0.03572478557739672
0.3714285714285714,-0.3551298753737122
0.4857142857142857,-0.060029805619259
-0.0285714285714285,0.07471422581535964
-0.4571428571428571,0.10371839313655995
1.3428571428571427,0.606390526064472
0.2857142857142857,-0.033202779551832984
0.1142857142857142,0.01940027644766798
-0.8285714285714286,0.1405458618141247
-0.5714285714285714,0.055071120058450995
-0.5142857142857142,-0.06349438488562792
-1.2857142857142858,-0.4681362530750035
0.0,-0.45464739928429354
0.4571428571428571,-0.16541403990378614
-0.9428571428571428,-0.5525222206228365
0.5714285714285714,0.055406703549735536
-0.7714285714285715,0.18668259128787762
-0.5142857142857142,-0.12512668723521983
-0.1428571428571428,-0.29217358026484436
-0.5142857142857142,-0.20711760147879493
-0.3714285714285714,-0.07514276390336039
0.4857142857142857,0.5547417228430169
0.2,0.4081325966432264
-0.4857142857142857,-0.26161132874281134
0.2,0.31683086693893775
-0.2285714285714285,-0.2003768013795451
-0.8857142857142857,0.08809195410730325
0.5428571428571428,0.6671238052069337
-1.4,-0.5596010842456384
-0.9142857142857144,0.029272329599034003
-0.3428571428571428,-0.1388899795899232
-0.6285714285714286,-0.3840215423520649
0.4571428571428571,-0.19037837584428113
-0.6,-0.6157988478563814
0.7142857142857143,-0.07004170454889985
0.5714285714285714,-0.2821023022835472
0.7714285714285715,0.5102299772263892
-0.2285714285714285,0.002748982822406959
-0.8571428571428571,-0.041221815005028306
-0.7428571428571429,0.053678621308363206
0.3714285714285714,-0.5566976704982751
-1.1714285714285717,-0.5643193539295202
0.2571428571428571,-0.08323050676814378
-0.3428571428571428,-0.3403536635641637
0.4285714285714285,-0.28103633847489906
-0.4571428571428571,-0.1715532927342378
0.6285714285714286,0.42902529679072815
1.0571428571428572,0.5622901858347078
0.1142857142857142,0.20035445737261287
0.0571428571428571,0.4891756832798771
0.0285714285714285,-0.3144058780345357
0.7142857142857143,0.2827498087682588
-0.3142857142857143,-0.11361851767469097
0.6857142857142857,0.17329523002344988
-0.0857142857142857,0.6722052085222912
-0.8571428571428571,0.06617061560258009
0.4,-0.09841360074053673
-0.3142857142857143,0.04441538488581981
1.1142857142857143,0.4846925747857446
0.5142857142857142,0.4561937509387381
-1.2857142857142858,-0.5851329644574783
0.2,-0.022210824709274962
0.4857142857142857,-0.03857782807647547
-1.4,-0.6016064766055834
0.1142857142857142,-0.532935200306561
-0.5142857142857142,-0.11149970276184235
0.4,-0.03429444452717362
0.5714285714285714,-0.00941209168461768
0.3714285714285714,-0.22726782230297576
0.2571428571428571,-0.5335151650990178
-0.9142857142857144,0.06640093186297297
-0.8571428571428571,-0.32050920234569846
0.7714285714285715,0.6596986545065764
-0.9428571428571428,-0.16665739498444823
-0.6285714285714286,-0.26503933057495654
0.3428571428571428,-0.3070434892156792
0.6,-0.02286596542434824
-0.4285714285714285,-0.25256846084204465
1.3428571428571427,0.3001631028664669
0.6857142857142857,-0.08790139089026261
-0.2857142857142857,-0.09299178138086805
-0.2,-0.2878287818021331
0.1714285714285714,0.01168944064600641
-0.9142857142857144,-0.19090877855169214
-1.1142857142857143,-0.5714583119612437
0.4,-0.0582157383041329
-0.0857142857142857,0.7194556077602854
0.6571428571428571,0.35583226847275234
-0.9142857142857144,-0.16590580273147015
-0.6,0.4593776203191066
0.3142857142857143,0.26312475703130184
-0.3428571428571428,0.1199967630823669
-0.8285714285714286,-0.10688667010887659
-1.457142857142857,-0.435623211004363
0.0571428571428571,0.041885374082414606
0.1142857142857142,-0.30621815361348736
-0.7714285714285715,-0.02331655087340273
-0.6571428571428571,-0.21645203478946828
0.2,0.42648385618470136
0.4857142857142857,0.5878350848735248
-0.4857142857142857,-0.10139611300216955
0.4857142857142857,-0.18377961211705302
-0.4571428571428571,-0.040065046593479176
0.4571428571428571,-0.21323713614357723
0.2857142857142857,-0.19244651427029053
-0.7142857142857143,-0.557351105821073
0.1142857142857142,-0.1905206135333609
-0.7142857142857143,-0.020856998875106558
-0.3428571428571428,-0.26452061539345534
-0.5714285714285714,-0.2668661951169276
0.6571428571428571,0.6853289930904833
-0.3142857142857143,0.0234559352892294
0.4857142857142857,-0.05234723737947927
0.4571428571428571,0.0158985562346666
-0.0857142857142857,-0.6258789038969033
-0.6857142857142857,-0.04850389424090634
-0.7428571428571429,0.16007069619881825
0.4571428571428571,-0.3556212716130822
-0.1142857142857142,-0.0906640618355028
-0.2285714285714285,0.1859475053339243
0.2571428571428571,-0.008280118871134806
0.7428571428571429,-0.19427035034694362
0.7428571428571429,0.23709246465801337
0.4,-0.14736262851741116
1.1142857142857143,0.7418959434585355
0.2285714285714285,-0.3644403819182416
-1.5142857142857142,-0.5067173338102899
0.4285714285714285,0.7083462530604743
0.2,0.4735928092091916
-0.8571428571428571,-0.3043367255398732
-0.5142857142857142,0.07079682716894214
0.2857142857142857,-0.5046942960236903
0.4,-0.15437642860252496
-0.0285714285714285,-0.13199112306563618
-0.3714285714285714,0.44631678601328034
0.0571428571428571,-0.21098050793641945
-0.4285714285714285,-0.10734691386663381
0.6,-0.1891909835472266
0.0571428571428571,-0.24909775364352305
0.6285714285714286,-0.10142371149402098
-0.2857142857142857,0.10078650042819459
0.1428571428571428,-0.08694912355514728
-0.2,0.06630349542955344
0.2,0.3449064281364796
1.3428571428571427,0.7505323242903423
0.7428571428571429,-0.036552816028010304
0.4,0.015639493823636108
0.7142857142857143,0.7082492181742932
0.1142857142857142,-0.09053835570991992
0.2571428571428571,0.2922224497801374
0.3714285714285714,-0.2984449602215066
-0.6285714285714286,-0.07089170129068681
0.3714285714285714,0.6993274713884776
1.0571428571428572,0.1537909103729891
-0.9428571428571428,-0.39279696066552694
0.1142857142857142,-0.23767351502926184
0.4285714285714285,-0.0771658185010684
-0.1142857142857142,-0.2389622084257444
0.2285714285714285,0.1357641720306843
-0.8,-0.049239548275479245
0.3428571428571428,-0.044859705329771654
0.2,0.11014185391790843
-1.457142857142857,-0.4767146589117858
-0.9428571428571428,-0.10957156701630025
0.3714285714285714,-0.009446893814381213
0.0571428571428571,-0.16021330136252557
0.4857142857142857,0.4014574101660581
0.3428571428571428,0.6440211318423714
0.6285714285714286,-0.17690082323963108
-1.1142857142857143,-0.7093733316566528
0.6,0.08801322755852287
0.7714285714285715,-0.11006933396801671
-0.1142857142857142,-0.4712620949030532
-0.6,-0.07612135787051583
0.4,-0.3332646525456445
0.6,-0.09537073260625512
-0.7428571428571429,-0.1545299561395816
-1.5142857142857142,-0.536164667172558
0.6285714285714286,0.09082002036377052
0.1428571428571428,0.569608546295346
0.0571428571428571,-0.18750185427530772
-0.7714285714285715,-0.5728582665142485
-1.1714285714285717,-0.680685117511713
0.4,-0.01786799702084374
0.7714285714285715,0.6576411800913307
-0.6,-0.5804704774010967
-0.4285714285714285,-0.15403474015693921
-1.0,-0.618822149143232
-0.2857142857142857,0.06021797043563215
0.0285714285714285,-0.2093410853801061
0.2571428571428571,-0.35461274940227505
-1.5142857142857142,-0.5970730606083839
-0.8,0.15141999403630263
0.7714285714285715,0.14260350450760323
0.6285714285714286,0.08959492525302015
-0.3714285714285714,-0.18077410264316499
-0.4285714285714285,-0.019679862833743733
0.0,-0.47428858875615226
1.3428571428571427,0.4800928969533907
-0.8571428571428571,-0.39629702388535026
-1.2285714285714286,-0.6117572851907538
0.2,0.19371849199513863
0.0857142857142857,-0.03860303017405853
-0.2857142857142857,-0.07140130081195989
0.5714285714285714,-0.24955134384979488
0.4285714285714285,-0.10075536110212774
-0.8571428571428571,0.008467856694542697
0.3428571428571428,-0.31134350012941703
0.1714285714285714,-0.16863565540625777
0.0857142857142857,-0.02083847027773153
-0.5142857142857142,0.012769616634374564
0.2571428571428571,0.7617704719019471
0.0571428571428571,0.6443540711686486
0.4285714285714285,-0.4511961248561138
-0.2,-0.015809460851235413
-0.1428571428571428,-0.18743700343486835
-0.1428571428571428,-0.08927547198395624
0.2,-0.15872100580715195
0.5714285714285714,-0.24825616677234677
0.2,0.44839996417138156
-0.7142857142857143,-0.000818344896522244
0.1142857142857142,0.010098558698192928
0.4285714285714285,-0.13228414700774352
0.2,0.6416335847967662
-0.0285714285714285,0.038481219136011824
-0.0857142857142857,0.44408996871453604
-0.3714285714285714,0.6196078583924731
-0.5142857142857142,-0.07245895299330532
0.0857142857142857,-0.1299045338920722
0.4857142857142857,-0.02450781125930368
-0.4857142857142857,-0.2505000435243368
0.7142857142857143,-0.053271172930252686
-0.2285714285714285,0.18995650525605656
-0.8285714285714286,0.004972844657596648
0.4857142857142857,0.016068726418566326
0.1714285714285714,0.1878521797204969
-0.5428571428571428,-0.04888709084286083
-0.6857142857142857,0.08596780677167254
0.7428571428571429,-0.49911191024120577
-1.3428571428571427,-0.5569297639824478
-0.0285714285714285,0.1593500686234845
0.4,-0.01675783788134666
-0.4857142857142857,-0.08601422660527752
0.3428571428571428,-0.42588311915576754
0.7142857142857143,-0.09679909001668807
0.7714285714285715,0.5333339746165497
-0.2857142857142857,-0.1701188275914361
-0.8857142857142857,-0.5056621257453906
-0.3428571428571428,-0.07523846337242088
0.4,0.0621032359391005
-0.5714285714285714,-0.23601807415791684
0.5714285714285714,0.057267593695678465
-1.2285714285714286,-0.6304995770291459
0.4571428571428571,0.13520752713274692
0.5142857142857142,-0.04084424417947563
-0.0571428571428571,-0.4206654985527568
0.4285714285714285,0.06785761273588992
-0.3714285714285714,0.04463947071264729
0.3142857142857143,-0.20901368589870636
1.4857142857142858,0.7173636052147969
0.6285714285714286,-0.07571551575331309
0.6857142857142857,-0.23758113703126763
-0.4285714285714285,-0.5295933031456008
-0.8571428571428571,-0.0947097668166916
0.1142857142857142,0.07285382338339169
0.6857142857142857,-0.01711181284198604
-1.4,-0.5728390566377285
-0.0857142857142857,0.6533438412254804
-0.8857142857142857,0.033432018638095584
-0.6857142857142857,-0.27621867692656554
-1.3428571428571427,-0.5716902387107898
-0.3428571428571428,-0.00402581293011503
-0.2571428571428571,0.2750337613347447
-1.0571428571428572,-0.569096512078564
0.1142857142857142,0.06715841031585407
0.2,0.3887574972603371
0.3142857142857143,-0.10841609419375584
0.6857142857142857,-0.3016781363955372
0.3428571428571428,-0.38869702521050553
-1.2857142857142858,-0.49076843890071226
0.3714285714285714,-0.04039747915481251
0.4285714285714285,-0.11764517265221422
0.3714285714285714,-0.2697242784488642
0.3142857142857143,-0.05538085152025246
-0.6571428571428571,-0.010021942155524155
0.4285714285714285,0.5262245231326761
0.4,-0.16977401673501408
-0.9142857142857144,-0.04498756578966576
0.2285714285714285,0.20948799222462972
0.6857142857142857,-0.20172244164341305
0.1142857142857142,-0.016289695735717424
-0.7142857142857143,-0.24769096049163664
-0.4857142857142857,-0.35752721010745264
0.4,0.09892906620355496
-1.3428571428571427,-0.5366674325960994
0.0857142857142857,-0.38619095055537367
0.0285714285714285,-0.1557782367164932
0.2571428571428571,-0.0980288842435116
-0.7142857142857143,-0.24731898137072542
-1.0,-0.5760253065392033
-0.8857142857142857,-0.10872071587063692
-1.1714285714285717,-0.5460879668474172
-0.7428571428571429,-0.30402347662625856
0.1714285714285714,-0.2647711396395759
0.0857142857142857,-0.03479252421167786
0.9142857142857144,0.5664762003398804
-1.0,-0.5902416023382155
0.2285714285714285,-0.09800582361062204
-0.0571428571428571,0.03397434061074428
-1.1142857142857143,-0.6007781867513762
0.4,-0.2436574772666366
0.4571428571428571,-0.22601179150428177
0.6285714285714286,-0.20454700916535346
-1.2857142857142858,-0.5710659193323722
0.4,-0.05255689215901921
0.0857142857142857,-0.3333639170239073
-0.6857142857142857,-0.07712202663269338
0.2285714285714285,0.07419427662074246
0.5714285714285714,-0.05209320068696019
0.2285714285714285,0.049988392136026294
-0.0571428571428571,-0.17299774474121263
-0.3428571428571428,-0.1680926162277501
0.5428571428571428,-0.0003932142630964919
0.7428571428571429,-0.020721935486711113
0.8857142857142857,0.5866495024854039
-0.4,-0.1228082355943454
-1.2857142857142858,-0.5886533111895063
0.4285714285714285,0.5158149527133085
-0.1428571428571428,-0.1995836322499241
-0.4285714285714285,-0.3331424894584474
0.4571428571428571,-0.16082190236078592
0.3714285714285714,0.011174749281330137
-0.1714285714285714,0.027928470665374933
0.4571428571428571,-0.3093773671436135
-1.457142857142857,-0.617869802576241
0.4,-0.22061969249104346
0.3142857142857143,-0.06930455292359633
-1.4,-0.6969728980031471
-0.9428571428571428,-0.04278435418881499
0.7714285714285715,0.6199544050605423
-0.2857142857142857,-0.15003069192663332
0.6571428571428571,0.6778359405868923
0.4571428571428571,-0.039217923130432764
0.6857142857142857,-0.09778425918066877
-0.1714285714285714,-0.21055269408918434
0.3428571428571428,-0.42979684337583124
0.3714285714285714,-0.07124520393269579
0.0,-0.4313057105583029
-0.0571428571428571,-0.01716534634067657
0.2571428571428571,-0.17632191189911833
0.3142857142857143,-0.1236029363911163
0.7142857142857143,0.5883397377707864
-1.5142857142857142,-0.4650433496465709
0.2857142857142857,0.03376411396146861
1.0571428571428572,0.14375006368430848
0.2,0.5742268484235407
-0.2,0.07749195966949995
0.2571428571428571,0.48350102055658256
0.4857142857142857,0.44185456984885535
-0.7428571428571429,-0.17390578527398304
0.3142857142857143,-0.1602412940438704
0.4285714285714285,0.295488988432345
0.6,-0.09508759152368088
-1.457142857142857,-0.6722370164553464
-0.2857142857142857,-0.11265298493072018
0.2285714285714285,-0.2203475311999737
-0.0285714285714285,0.2620815131265716
-0.6285714285714286,-0.34054305405454294
0.2571428571428571,-0.04051409580186893
-0.5714285714285714,-0.03283823294373489
0.5714285714285714,-0.269720255077079
-0.5142857142857142,-0.03684579038735544
-0.5428571428571428,-0.6809598120083296
-0.1714285714285714,-0.07100057716611152
0.3714285714285714,-0.2768528022462764
-0.5428571428571428,-0.029567098462604385
-0.9428571428571428,-0.5317833650547776
-0.6,0.07680444784014306
0.0,0.2366574693172439
0.2,0.4923772351535985
-0.0285714285714285,0.023750352428328347
-0.0857142857142857,0.5805093147619393
-0.6,0.03448868166521496
-0.2857142857142857,-0.12937289599877605
-0.2285714285714285,-0.2272519552696226
0.2,0.5026374755740028
-0.0571428571428571,-0.10846759198387945
-0.9142857142857144,-0.152427410673765
-1.0,-0.5786932926982628
0.2857142857142857,-0.04105769303753096
0.4285714285714285,-0.35094372600695817
-0.1714285714285714,-0.2795025116673608
-0.6857142857142857,-0.28074323035903004
0.6,0.7618473965052113
-0.6857142857142857,-0.2747339403114902
-0.6571428571428571,-0.04537377238158169
0.6,0.05533899103520312
0.6571428571428571,0.051266481052890556
-0.8857142857142857,-0.11074545474749364
-0.1428571428571428,0.8814335264209863
0.2571428571428571,0.005305717824314549
0.6,-0.059777365785211645
-0.0571428571428571,-0.2708643999132864
0.5142857142857142,0.07809285627541945
0.2,0.13211890026265583
-0.0285714285714285,0.03177756455413322
0.5142857142857142,-0.059365961982743354
0.1142857142857142,-0.23516434523905214
0.7714285714285715,0.38391161687047176
0.7714285714285715,0.3586293173366782
0.2285714285714285,-0.1757750806439918
-0.8857142857142857,-0.3397430102267537
0.0857142857142857,-0.09330800196254238
-0.4,-0.1058833138857081
0.7142857142857143,-0.23240989280963714
0.4,-0.20547112551100766
-1.3428571428571427,-0.5742655034445657
0.6857142857142857,-0.3985403377946294
-1.1714285714285717,-0.527177964496911
-0.6571428571428571,-0.11261294838387623
-0.1142857142857142,0.007936022208658633
0.4285714285714285,0.4381677563164897
0.4857142857142857,-0.1053453886084578
-0.5142857142857142,0.05634108959130679
-0.4571428571428571,-0.16443206715965245
0.2,0.42018013944286575
0.6285714285714286,-0.30209954452620824
0.5714285714285714,0.18279686399398243
0.4,0.2307476190997037
-1.2285714285714286,-0.6349649720726276
-0.3714285714285714,0.1549697171841834
-0.8285714285714286,-0.14534787862298149
-0.8,-0.37301595762688367
-1.2857142857142858,-0.6189721427059267
0.6,-0.19994083047936764
-0.2857142857142857,0.07670451188824234
0.2,0.6471830075279761
-0.6,-0.5454643370758614
0.2,-0.274711778352391
-1.1142857142857143,-0.5047722305756925
-0.3714285714285714,-0.02886751700018117
0.4285714285714285,-0.03487473960663706
0.2,0.5037377304910196
-0.3142857142857143,-0.5328760119034313
-0.7428571428571429,0.08546763883042946
0.3714285714285714,0.20939053715266476
-0.1428571428571428,-0.21732892379973412
-0.5428571428571428,-0.2595993829799076
0.4571428571428571,-0.15113693230754563
-0.7142857142857143,-0.2684698480322925
-1.2857142857142858,-0.4502127774950878
0.0,-0.134308878939173
0.3714285714285714,-0.17506339054502243
-0.8285714285714286,-0.6913801977808148
-0.0857142857142857,0.03973481795786332
0.0285714285714285,-0.16695388004448966
-0.6571428571428571,-0.5613764249513459
1.3428571428571427,0.0018519604919793597
-0.5714285714285714,-0.21754561391300203
0.5714285714285714,0.03674994446189239
-0.0285714285714285,-0.1851844612594532
-0.8571428571428571,-0.17593630266953686
1.1142857142857143,0.6927381145331559
-0.9428571428571428,-0.5958962192425754
0.3428571428571428,-0.15501612263797146
-0.0285714285714285,0.21938532670795763
0.6285714285714286,-0.2604476287137035
-0.1428571428571428,-0.18284879310006458
-1.0571428571428572,-0.5962750432098366
-0.1428571428571428,0.2831833768800364
1.0571428571428572,0.30921572286622895
-1.2285714285714286,-0.5088882564647863
0.4857142857142857,0.41222186423151913
-0.6571428571428571,-0.055303799588071106
-0.8,-0.15238299938281455
-0.0857142857142857,0.6705915862283984
-0.8,-0.356855169554673
-0.7714285714285715,-0.7153187326698052
-0.2857142857142857,0.05287236229718273
-0.3142857142857143,-0.3053502786613814
-0.6571428571428571,-0.006728895227230858
0.6,-0.19688291882913123
0.5142857142857142,-0.29215852256290115
0.3142857142857143,-0.20561518134433
0.0857142857142857,-0.1889665938450237
-0.5714285714285714,-0.062464707893491844
-0.0857142857142857,0.19858216666544515
-0.0285714285714285,0.6200864107771171
0.5142857142857142,-0.23815174142017087
0.1428571428571428,-0.1482732779820763
1.3428571428571427,0.572928385194422
-0.7428571428571429,-0.14211145100449013
-0.2285714285714285,-0.5219006794093186
0.4857142857142857,0.09497455657481957
0.1142857142857142,-0.17353222672929514
-0.8,-0.30780692275933885
-0.5142857142857142,-0.04611592290602842
-1.1142857142857143,-0.5802525586150449
-0.9428571428571428,-0.26607163853627885
0.2,0.268415643954547
0.2857142857142857,-0.37489687796693116
-0.7428571428571429,0.047500819778460324
-0.8571428571428571,0.035389867559095456
-0.8285714285714286,-0.19665428710373706
-1.4,-0.5586920596152161
-0.9142857142857144,0.06244262144285401
-0.8285714285714286,-0.15842213972267924
-0.8857142857142857,0.23465528446541356
0.7142857142857143,-0.16780854134232623
-0.5714285714285714,-0.1669294876213332
-0.5428571428571428,-0.35262063465746635
0.2,0.09623706379299407
-0.0857142857142857,-0.21730296447284259
-0.8857142857142857,-0.548783031909114
-0.6571428571428571,-0.04601925989798525
-0.3714285714285714,-0.2667214724723941
-0.1428571428571428,-0.055912782219203594
0.7142857142857143,-0.1928578356356111
0.0,-0.06179015723018419
0.2,0.3624650334044626
-0.6857142857142857,-0.14220604222438235
0.7428571428571429,0.14887403803247617
-0.9428571428571428,0.5434085835337943
0.3428571428571428,0.23762004926408536
0.4571428571428571,0.28623132730533135
-0.0285714285714285,0.13344042173374682
-0.0857142857142857,-0.13290887062972878
-1.2285714285714286,-0.6232336940225425
-0.8571428571428571,-0.21516835214369956
1.2285714285714286,0.13626748838379266
-1.5142857142857142,-0.533659253950293
0.4285714285714285,-0.3203949722201779
-0.7428571428571429,-0.14174449965491512
0.3428571428571428,0.7450425091489761
0.3428571428571428,0.5020837428978018
1.2857142857142858,0.9295242345681765
-0.8571428571428571,-0.01148672330052497
0.7714285714285715,0.06006421262594247
-1.1714285714285717,-0.5577134534613992
0.1714285714285714,-0.17239053128891274
-0.9428571428571428,0.09642889215309053
0.4857142857142857,0.43765378294376994
-0.0285714285714285,0.6383502351837624
-0.5142857142857142,-0.09378270492445939
-0.1428571428571428,-0.2009070775109835
-0.2285714285714285,-0.05501694185035533
0.4571428571428571,-0.08672060701429302
-0.5714285714285714,-0.07794063122487452
-1.0571428571428572,-0.5314427602209931
-0.5428571428571428,-0.389390155495409
-0.8,-0.01165077799029074
-0.7714285714285715,-0.6771433595260377
-0.3142857142857143,-0.13722272273067465
-0.4285714285714285,-0.4970545297626647
-0.7714285714285715,0.042062070738428325
-0.0571428571428571,-0.18642521135134305
-0.7142857142857143,-0.5963518517780066
0.2285714285714285,-0.0818160450816176
-1.1714285714285717,-0.6316569500894194
-0.6571428571428571,-0.05045064706689653
-0.7428571428571429,-0.17499195433350218
-0.3428571428571428,-0.3986054972716076
-1.457142857142857,-0.5574438267801899
-0.1714285714285714,-0.29500273230025587
0.2,0.3661701221329117
0.9142857142857144,0.4214269846877348
-0.0857142857142857,-0.43004592650524087
-0.3714285714285714,0.020793841429463583
0.3714285714285714,-0.001641300947434171
0.7142857142857143,-0.06117391474857292
0.7428571428571429,-0.30821996138369134
-0.3142857142857143,-0.3807523586301847
0.6,-0.0757882315827633
0.1428571428571428,0.49993852369640196
-0.5714285714285714,-0.11696388638872618
-0.8285714285714286,-0.665089365005196
-0.8,-0.13992173991654785
0.0857142857142857,0.062209021675250276
-0.0857142857142857,0.28631039367477923
-0.0857142857142857,0.5645586178821742
0.4857142857142857,0.6270808911507153
-1.1142857142857143,-0.6266509772253986
-0.5714285714285714,-0.038485241386092134
0.5142857142857142,-0.2872851634099588
0.4857142857142857,0.32712487119242833
-0.0857142857142857,-0.16566062396677483
0.0571428571428571,-0.4651986602512175
0.2,0.5777585812789328
0.7142857142857143,0.6755168843483679
-1.3428571428571427,-0.4997317463827715
0.4857142857142857,0.6693929860073771
-1.0571428571428572,-0.6382896230496267
0.6285714285714286,-0.2999665701714036
-0.2857142857142857,-0.15966535937373377
-0.8857142857142857,-0.2063085756901763
0.4,0.010644287150558873
-0.6285714285714286,0.07151610677699793
-0.3714285714285714,-0.4158014219370812
-0.9428571428571428,0.23022123193887706
-1.3428571428571427,-0.6783561673748183
0.3714285714285714,-0.4297931882866937
-0.8285714285714286,-0.25768436381170534
0.2,0.588987863718313
0.0,-0.02394416467856214
0.5428571428571428,-0.18272286785717567
0.6285714285714286,0.5825723051467651
-0.7428571428571429,-0.14636953043728904
0.2,0.05234420032883935
0.4857142857142857,0.13106460181877633
0.6571428571428571,-0.11943341978880814
0.4285714285714285,-0.14138992805542205
0.4857142857142857,0.584876891637617
0.5428571428571428,-0.1398048960099755
1.0571428571428572,0.8087955412451
0.4,-0.07578748851638173
0.4,0.03337078086197959
0.2857142857142857,-0.5698972636621433
0.3142857142857143,0.12160606332767815
-1.2285714285714286,-0.7384031116443266
0.7714285714285715,0.09649757850837576
0.6571428571428571,-0.49249149690821636
-0.2285714285714285,0.05986864741651515
0.4,-0.18098701963834518
0.6571428571428571,-0.340340926721829
-0.8857142857142857,-0.6199867807965471
0.6571428571428571,-0.2906871684251314
0.2285714285714285,-0.20887846920878428
-0.7428571428571429,-0.09295063102514267
1.3428571428571427,0.6420399525483202
0.3142857142857143,-0.00024955438347196157
-0.0857142857142857,0.08027418977349593
-0.0571428571428571,-0.32126821091814056
0.4,-0.1306581534308147
0.0,-0.07523105651813802
-0.2571428571428571,-0.6658220519330169
-0.0285714285714285,-0.23585419682773684
0.5714285714285714,-0.4195763160560806
0.4285714285714285,0.4783662858453643
0.7714285714285715,0.05544497682461558
0.5428571428571428,0.7491923731637635
0.2857142857142857,0.2332864499062139
-0.8,-0.31649565597635454
0.1428571428571428,-0.1786525710643051
0.2285714285714285,-0.21518201258802794
0.4285714285714285,0.12822523193456353
0.6285714285714286,-0.13689220936539143
0.6285714285714286,0.5390554375819583
-0.5142857142857142,-0.11163864852041651
0.2,0.4431417571172898
-0.8857142857142857,-0.28857152578583434
-0.3714285714285714,-0.09119092827611719
0.4857142857142857,0.3598685259489232
0.6857142857142857,-0.06309812574756565
0.6285714285714286,0.015501962926065954
-0.1428571428571428,0.6419697188165803
-0.4,-0.0015608933606446884
0.4285714285714285,0.6990214591510038
0.1714285714285714,-0.17932989995601112
-0.8,-0.35032527666521546
0.7428571428571429,-0.17964879500372605
-0.4,-0.06690211350459238
0.2,-0.2947418781545509
0.8,0.7234898594523054
0.5428571428571428,-0.1375292956119712
0.6857142857142857,-0.11082891393772445
-0.0285714285714285,-0.3099925939333764
0.7142857142857143,-0.15318301191736272
-0.9142857142857144,-0.058314333990521466
0.4,-0.264648157536282
-0.4571428571428571,-0.34419385536348973
-0.6285714285714286,-0.07562660412199085
-0.4857142857142857,0.18153964431083264
-1.2285714285714286,-0.6209803047639739
0.6571428571428571,-0.07630687871028005
0.6285714285714286,-0.4985277519911215
-0.8857142857142857,-0.197007339003541
-0.3714285714285714,-0.06946904707966353
-0.5714285714285714,-0.08561668201461911
-0.7142857142857143,-0.674421587628514
0.6,-0.12546098598879912
-1.0,-0.5248564424949138
0.1142857142857142,0.11243561383354439
0.2571428571428571,-0.3020801006886968
0.5428571428571428,-0.11707541294689439
0.4857142857142857,0.4036899896007246
0.2285714285714285,-0.16705269066101608
0.2,0.8948453738470694
-0.1142857142857142,-0.19514967356104557
-0.9142857142857144,-0.25912693113283164
0.1142857142857142,-0.08100339375098453
-0.2857142857142857,-0.1924219144992291
0.6,-0.18695093680441618
-0.0285714285714285,-0.27718173940187213
0.2,0.5805029318010007
0.0857142857142857,0.04319882860563107
-0.1428571428571428,-0.3722053070489325
-0.2285714285714285,0.06435285425982223
-0.0285714285714285,-0.17821479925123365
0.6857142857142857,-0.057141490371443227
-0.2285714285714285,0.035300629766009395
0.2571428571428571,0.7776368077662332
0.3428571428571428,-0.23895108179777594
0.0,-0.33305311537630167
0.4857142857142857,0.0650819615034573
-0.1428571428571428,-0.14141247934562656
0.4571428571428571,-0.31293588077543
-0.0285714285714285,-0.30321248674058576
-0.5714285714285714,0.1248396893895179
-0.8571428571428571,-0.20300311686956624
-1.5142857142857142,-0.5240435953664222
0.1714285714285714,-0.21120698060383164
0.3428571428571428,-0.14400671269157217
0.4857142857142857,0.5975414532530432
0.4285714285714285,-0.4358990928643336
-0.3714285714285714,-0.23244562434447824
-0.5142857142857142,-0.1655037264611554
-0.8,-0.4467502087126672
-0.5714285714285714,0.03192891734099354
0.4857142857142857,-0.19746555749270767
0.3714285714285714,-0.012145275220043578
0.2,-0.2736413601992426
-0.8857142857142857,-0.5289375743335648
-0.2857142857142857,-0.15783377427094566
0.2571428571428571,-0.1208127136860987
-0.0571428571428571,0.17273852966982256
0.3428571428571428,0.08056688942320683
-0.1714285714285714,-0.27627642716699635
0.6857142857142857,-0.14043776067791125
-1.457142857142857,-0.4979882208955929
0.2,-0.30031808882941874
1.0571428571428572,0.6753632184541691
0.9142857142857144,0.35233706077912114
0.4285714285714285,-0.319633610004959
-0.1714285714285714,-0.02670130876133575
0.7714285714285715,0.5329282132579887
0.2,0.1392650749084932
-1.0571428571428572,-0.5421703465793005
-0.0571428571428571,-0.07277120287951147
-1.457142857142857,-0.602636317546534
-0.2285714285714285,-0.07677761788020948
-0.4285714285714285,0.13977204274447153
0.9428571428571428,0.7623506930831621
0.6,-0.1958329184850053
-0.8285714285714286,0.031344111903144845
0.4857142857142857,-0.2640882928879731
-0.3714285714285714,-0.34167278537888457
0.7142857142857143,-0.028708779837411963
-0.3142857142857143,-0.23132490870578049
0.2571428571428571,-0.1723906895059495
0.0571428571428571,-0.28005863169248013
-1.4,-0.5374560221821367
-0.7714285714285715,-0.6271775728145521
-0.0285714285714285,-0.11010670327356235
-0.5142857142857142,-0.4696834004336509
-0.1142857142857142,-0.2576513678067861
0.3714285714285714,-0.17840308554440043
-0.4,0.08369137351731065
0.3714285714285714,-0.12214519244150626
-0.1142857142857142,-0.08780657276432971
-1.457142857142857,-0.479627087876068
1.3428571428571427,0.577892893330892
-1.1142857142857143,-0.4859262484403286
-0.3142857142857143,-0.3755281780381008
-0.2,-0.5175829858154275
0.1428571428571428,-0.05011410396505986
1.1142857142857143,0.5177334071398392
0.7714285714285715,0.25684066631468744
0.7714285714285715,0.6256771673259145
-0.3142857142857143,-0.2955600758718626
0.4571428571428571,0.06165035698803739
-0.5714285714285714,0.09399627482533429
0.5428571428571428,0.04548293488678484
-0.7428571428571429,-0.09184228669075317
0.7428571428571429,0.10315708101360171
0.1428571428571428,0.5930107937474915
0.2,0.6127392773421916
0.0285714285714285,-0.004310565894220908
-0.2,-0.2587348759010208
1.2,0.5284193261541774
0.5428571428571428,-0.19847664865524584
0.3142857142857143,0.15336918307216052
-1.2285714285714286,-0.6430730604161745
0.5428571428571428,0.006944460302033495
-0.6,-0.08316690607232499
0.0571428571428571,0.14948803956386209
0.1714285714285714,-0.1515390797006616
0.4285714285714285,0.1812101114319714
0.2285714285714285,-0.0773846109405226
0.9142857142857144,0.6065154943029147
-0.1714285714285714,-0.18255173730137714
-0.9142857142857144,-0.12484854514198912
0.0571428571428571,-0.1790289493019215
-0.9428571428571428,-0.23191290345026555
0.4857142857142857,0.16585597487893328
0.5142857142857142,-0.20881302874256982
-0.8857142857142857,-0.01704600703757808
-0.9428571428571428,-0.16503553489757203
-0.3714285714285714,0.05476346406153726
-0.7714285714285715,-0.3380294864671107
0.0285714285714285,-0.09588342279360532
-0.6571428571428571,-0.5990219716670304
-0.7142857142857143,-0.11938738357517736
0.7428571428571429,0.05625217629385987
0.7142857142857143,-0.4422893777121042
0.0571428571428571,-0.2232880697799544
0.7142857142857143,-0.06011156534355783
-0.4857142857142857,-0.2886696769817497
0.4857142857142857,0.6637857743889732
0.1714285714285714,-0.19367191915958976
-0.0857142857142857,0.7118480065650836
-1.1142857142857143,-0.5634422178359035
1.3428571428571427,0.6346532054099632
-1.2857142857142858,-0.6023614140468461
0.4857142857142857,-0.10559258918809139
0.7428571428571429,0.12880240785636954
-0.1428571428571428,-0.0997180006126861
0.5714285714285714,0.2956877165671267
0.2571428571428571,-0.14520626685377544
-0.7714285714285715,0.033374623035221984
0.7142857142857143,-0.33278163062899213
-0.3714285714285714,-0.250048145738185
-0.3714285714285714,0.7988850060781529
0.6857142857142857,-0.14011048599349823
0.5714285714285714,-0.19619563418081706
-0.5142857142857142,-0.17225514708212072
-1.0,-0.5193454221968843
-0.8857142857142857,-0.6043945031256244
-0.5142857142857142,-0.1886746638570441
-0.9428571428571428,0.16866168115037367
-0.4857142857142857,-0.1788663667670451
0.3428571428571428,-0.15443022613155466
0.6285714285714286,-0.10421752320331926
-0.8571428571428571,-0.14276171393198528
1.3428571428571427,0.6526612250832304
0.1142857142857142,0.20367588627097005
-0.0285714285714285,-0.2687422039494524
-0.8,-0.1529331128030495
-0.6285714285714286,0.08290275909760186
-0.7714285714285715,-0.23655857430899424
0.7428571428571429,-0.2864826755762174
0.3142857142857143,0.5605911996907063
-0.5142857142857142,-0.1195160871414084
-0.8857142857142857,-0.4820548250600237
0.4857142857142857,0.5644867684308468
-1.3714285714285714,-0.5904922390911889
-0.3428571428571428,-0.09555958420836827
0.1428571428571428,-0.02551424898046445
-1.5142857142857142,-0.5608397643470034
0.6571428571428571,-0.17578715535998346
0.7142857142857143,0.11177843246566083
0.7142857142857143,0.047203599978172917
-0.8857142857142857,-0.6251952300289816
-0.2571428571428571,-0.052433059721812836
0.6,0.006327756332644735
1.0571428571428572,0.7238506079799119
-1.2285714285714286,-0.4554689200168383
0.1428571428571428,-0.04039062359890114
0.6285714285714286,-0.4386129472211503
0.0571428571428571,-0.08817349863228047
0.0571428571428571,-0.37159292140623523
-0.5142857142857142,0.47949425835065335
-0.6571428571428571,-0.6669244111217733
-0.0857142857142857,0.03987553169540958
0.6571428571428571,0.017716023781872425
-0.6571428571428571,-0.6060662202772038
0.6285714285714286,-0.3086941305474382
0.2857142857142857,-0.09744003784315625
0.6285714285714286,-0.06850081297738483
-0.8285714285714286,0.09080465578878644
-0.8571428571428571,-0.20784712898958047
0.7714285714285715,0.5769023600989074
0.2285714285714285,-0.07945554444775157
-1.3428571428571427,-0.48675952688965796
0.2571428571428571,-0.07589053461889811
0.3714285714285714,-0.14623834217526266
0.5142857142857142,-0.18587571168586606
0.3714285714285714,0.02167827993881649
-0.4,-0.2727942766142458
0.5428571428571428,0.14422611866841356
-0.7428571428571429,0.022076205208529043
0.5714285714285714,-0.2051672091188193
-0.8,0.09964837511607633
-0.2571428571428571,-0.15387432192513228
-0.0285714285714285,0.4199852079613942
0.6857142857142857,0.1819496030199434
0.0,-0.1573070041736723
-0.6857142857142857,0.10272401640840662
-1.4,-0.5453993290031558
-0.8571428571428571,-0.20413295861026312
-0.9142857142857144,0.05046649331763736
0.0857142857142857,0.5220152864045096
0.7142857142857143,0.49102505895591314
0.5714285714285714,0.3219405423135126
-0.7714285714285715,-0.38179550447908017
-0.0857142857142857,-0.2650700740136616
0.1714285714285714,-0.27900403752349473
0.4571428571428571,-0.0707013672225612
-0.6571428571428571,0.04538799532576249
0.5428571428571428,0.10978790651702391
0.4857142857142857,0.23662299881665977
-0.7714285714285715,-0.5843291836083404
-0.9428571428571428,-0.6298066042223387
-0.4571428571428571,-0.5036007083800682
-0.6857142857142857,0.1811021349696088
-0.7714285714285715,-0.10002628942507916
0.4857142857142857,0.6184126252877071
0.2571428571428571,-0.13022235064196216
0.4857142857142857,-0.17886090524956844
0.6571428571428571,-0.23491999937164854
0.3714285714285714,-0.01430121684985422
-0.8571428571428571,-0.643844632526229
-0.2,-0.1388199466234345
0.5428571428571428,-0.31617709177233677
0.7142857142857143,0.14545960313689704
0.7714285714285715,0.678854609592811
0.2571428571428571,-0.32566152716541974
0.6285714285714286,0.1945939434354262
-1.0571428571428572,-0.5744603947940571
0.4285714285714285,0.16434662835177632
0.1428571428571428,-0.13176505297300448
-0.6571428571428571,0.039244322705393075
-0.2571428571428571,0.04113476239107677
0.4857142857142857,0.4314055659721569
0.6571428571428571,0.43395848944910026
-0.9142857142857144,-0.3287621115728754
0.4,-0.1494549036541631
-0.6571428571428571,-0.5130682911106419
-0.9428571428571428,-0.5668949636192935
0.4857142857142857,0.7395579040576639
0.5428571428571428,-0.43686296206371744
-0.8285714285714286,-0.28332514005121057
0.6571428571428571,-0.46289326337953074
0.5714285714285714,-0.13320776072163815
0.2857142857142857,-0.32145164185140507
0.2,0.6727709225931917
-1.2857142857142858,-0.5852973342596692
-0.4,-0.3968035238670262
0.2285714285714285,-0.20091657110839128
-0.8285714285714286,-0.2045531074028919
-0.3142857142857143,-0.20816687333709968
1.0571428571428572,0.509578876562899
0.3714285714285714,0.02016986750527719
-0.1714285714285714,-0.12232009502312075
-0.0285714285714285,-0.16513949338457687
0.1142857142857142,-0.3470800142550899
0.0857142857142857,0.07524796080323354
0.7142857142857143,0.557300261681043
0.6285714285714286,-0.2923276760162877
0.5428571428571428,0.5098059071519374
-0.0285714285714285,0.009421932935827021
-0.2571428571428571,-0.6355801935108876
-1.2285714285714286,-0.5450877820939213
0.2857142857142857,0.07571494133893714
-0.7714285714285715,-0.5328127852300862
-1.2285714285714286,-0.4693349948089282
-0.8857142857142857,-0.02095467395989059
-1.5142857142857142,-0.5012995058464971
-0.5142857142857142,-0.25024032417881636
0.6,0.10703244885212143
-0.7142857142857143,-0.13349075736256882
-0.8857142857142857,-0.22673839709180585
-0.8857142857142857,-0.5414784717734036
0.7714285714285715,0.7263123230481416
-1.457142857142857,-0.583043117173358
-0.9428571428571428,0.1301288650539298
0.6857142857142857,-0.22525774075409685
-0.4,-0.02383645163213302
0.3142857142857143,-0.3831288616893427
0.4857142857142857,0.24506938095217157
0.4857142857142857,0.5497080417928328
-0.6571428571428571,-0.13669419684090098
-0.8571428571428571,0.04747739647585969
0.1142857142857142,-0.2233863545552413
0.6,0.032472941316700143
-0.6571428571428571,-0.13556190298556672
-0.4,0.1810027963246203
-0.9428571428571428,-0.10970991072047398
-0.3714285714285714,-0.21848668174510685
0.7142857142857143,-0.23857716050325814
-0.7714285714285715,-0.28744430255760867
-0.6,-0.43695347786117444
0.2857142857142857,0.6920116073223035
0.7714285714285715,0.43544379343469414
0.2,0.8424231362209957
-0.4857142857142857,0.03522984629525
0.3714285714285714,-0.009493363515080538
-0.3714285714285714,0.5707630126773209
-0.8,-0.06907472507417461
0.2285714285714285,0.06698367505649905
-0.4571428571428571,-0.05530292036264145
-0.8285714285714286,-0.3126124703720547
-0.5428571428571428,0.1131894603389419
0.0,-0.083360025562222
-0.6,-0.20021259858680826
0.4857142857142857,0.011113777804103497
-0.7714285714285715,-0.06795226991572564
-0.0285714285714285,-0.17269029565178032
0.2285714285714285,0.006877232069523287
0.6285714285714286,0.35133173906811316
0.2,0.44583868295152357
0.4,-0.20029057938020065
-0.0285714285714285,0.500493097751336
0.6571428571428571,0.36351647145260496
0.2,0.3870254426791239
-0.1428571428571428,-0.1242561691863506
-0.4,-0.15254516785778818
0.3428571428571428,0.3594345174784436
0.2,-0.1682996816974212
-0.3714285714285714,-0.4220989586628214
0.7142857142857143,0.12444663566351194
-0.0285714285714285,-0.2181238549651055
0.7142857142857143,-0.2743474522438044
-0.4,-0.2595872309907463
-0.2,-0.22423672639965264
-0.1428571428571428,-0.18625088858768013
0.1142857142857142,-0.09949755208704236
0.1428571428571428,-0.544431289715988
-0.8857142857142857,-0.23667221734009955
0.2571428571428571,-0.5781110865831505
-0.1142857142857142,-0.49378156286131625
0.4285714285714285,0.4676149261242332
-0.1142857142857142,-0.14199564095386172
-0.1142857142857142,-0.104450876091707
-0.2,-0.3751768069073272
0.4857142857142857,-0.030915378924268377
-0.4,0.0027660549141628743
0.4,0.06437548090329709
0.4285714285714285,-0.0008996627548527036
-0.4,0.1680895111222817
-0.9142857142857144,-0.4019011413668586
0.4857142857142857,0.10463046247928759
-0.6285714285714286,-0.09716142062836602
0.2571428571428571,0.6073110637201271
0.6,0.07940225790903083
0.1428571428571428,-0.1345599083477671
1.3428571428571427,0.4146800611173808
-0.5428571428571428,-0.3119837190376469
-0.5714285714285714,-0.2129197550630688
0.3428571428571428,0.6102874158006566
1.0571428571428572,0.9299314052348369
-0.0285714285714285,0.2026157438448251
0.2857142857142857,-0.13572027356859215
-0.2571428571428571,0.16379448159335697
-1.1142857142857143,-0.5979359683717633
0.5428571428571428,0.14922647077402845
-0.8857142857142857,0.023055064824458515
0.1428571428571428,0.2639202750334411
-1.0,-0.6022544006365478
0.6285714285714286,0.0812972954402254
-0.5428571428571428,-0.2589551992533665
0.2857142857142857,-0.27262053204625936
0.7142857142857143,-0.042525315839992084
-0.2285714285714285,0.029226855130461443
0.4,-0.23677095121934327
-0.9428571428571428,-0.14207819415549827
0.1714285714285714,-0.3288176435793097
0.5142857142857142,-0.08981351906212937
0.1428571428571428,0.14505350224948116
0.7714285714285715,0.861030407547672
0.6857142857142857,-0.17393776275023434
-0.1714285714285714,0.1346844317326088
0.5714285714285714,0.0719161496335256
-0.7142857142857143,-0.076908345774999
-1.0571428571428572,-0.7020917075150261
-0.2285714285714285,0.017008413729578842
0.4285714285714285,0.04166742170636051
-0.4571428571428571,-0.17140762348006638
-0.4571428571428571,-0.17891629294017375
0.6,0.1275941313623925
-0.1428571428571428,-0.24836941235605153
-0.4571428571428571,-0.2986059843676834
1.0,0.6283446804446717
0.5142857142857142,0.03936147856675842
0.3428571428571428,0.6630278810153836
-0.0571428571428571,0.042022684741957916
0.4857142857142857,-0.07105574042388857
-0.6571428571428571,-0.11362732224378043
-0.4,0.028105652925799418
0.6857142857142857,-0.181379524007391
-0.9142857142857144,-0.11529999375415828
-1.3428571428571427,-0.6841540818755514
0.6857142857142857,0.048355312133000816
-0.2285714285714285,0.1701974906096902
0.2857142857142857,-0.12233108895066823
-0.6857142857142857,-0.00475944746355339
-0.9428571428571428,-0.4406224876911646
-0.2857142857142857,0.021173498350370634
-0.9142857142857144,-0.5508698996931474
-0.4571428571428571,-0.2765180121879472
-0.6285714285714286,-0.24021534085790455
-0.4285714285714285,0.10705362826090847
-0.6285714285714286,-0.11164045777352358
0.0857142857142857,0.029342908497475978
0.0,-0.09296436225119745
0.2857142857142857,0.20441664033629686
-0.2571428571428571,-0.2865832124916263
-0.0857142857142857,0.5725711587014894
-0.4857142857142857,0.10891264695954456
0.2,0.4262290627208442
0.6571428571428571,-0.01833103974864464
-0.6571428571428571,-0.049154182192464396
-0.8,-0.1416290153112313
0.4857142857142857,0.335630028429793
-1.5142857142857142,-0.6037168290901074
0.4857142857142857,0.1565426178700126
-0.6285714285714286,-0.5120380107681792
0.6857142857142857,-0.20830145242868528
0.7142857142857143,-0.17969075767463427
0.4285714285714285,-0.25372920673945576
-0.7142857142857143,-0.2559350814426099
-0.6857142857142857,-0.13262376706205364
-1.1142857142857143,-0.6282823859264322
0.4857142857142857,0.3650812713816319
0.2,0.5141861378395951
-0.1142857142857142,0.05787910072320657
0.2,-0.24184403294677329
0.0857142857142857,0.0787985463806507
-1.2285714285714286,-0.5425710367942398
0.1428571428571428,-0.3228821067712884
0.6571428571428571,0.09653953723121877
0.6,-0.06119100585343773
0.4857142857142857,-0.2457974692195687
0.0571428571428571,0.657461114873541
-0.4857142857142857,-0.2930209012301947
-0.0857142857142857,0.049587684943067534
-0.8285714285714286,0.1388105277478815
0.4285714285714285,0.5455820797931696
0.5428571428571428,-0.008272096894418324
0.7714285714285715,0.016595161971963146
-0.7714285714285715,0.0008726159400278544
0.6571428571428571,-0.3050162027252372
-0.6,-0.20304174985221926
-0.1428571428571428,-0.3409266309210628
-0.5428571428571428,0.08061986234872448
-0.8857142857142857,-0.004149532813491813
0.2285714285714285,0.002068919782976464
-0.2857142857142857,0.09486992419750856
-0.2285714285714285,0.34559105482007363
-0.0857142857142857,0.07340260933404336
0.7142857142857143,0.6011881446529888
-0.3714285714285714,-0.042955312892283465
0.2285714285714285,-0.4334391329397293
-0.5428571428571428,0.2834894254627544
-0.2857142857142857,0.00686008381536482
-0.6285714285714286,-0.21508150434348625
-0.8285714285714286,-0.2611783178501084
-0.7428571428571429,-0.18546171438483974
0.5714285714285714,-0.217588694619382
0.6571428571428571,0.7627860932093602
0.3142857142857143,0.8214440944356083
0.3714285714285714,-0.30542000761586574
-0.7428571428571429,0.08866935244542601
0.2,-0.3140685045332926
0.6,0.05811131438595735
1.3428571428571427,0.6160104238186015
0.6,-0.04480981090328351
-0.4857142857142857,-0.26804169911681863
0.6857142857142857,-0.16398975151205017
-1.1142857142857143,-0.5081961070560582
0.7428571428571429,-0.11164545352486169
0.5714285714285714,-0.2050709059301855
-0.9142857142857144,-0.29788183510117827
0.6,0.19239256371584929
0.6857142857142857,0.029170546716069612
0.2857142857142857,-0.042065224230933146
-0.2,0.08939710028906689
0.3714285714285714,-0.15023202153718343
0.1714285714285714,0.014744548106907895
-0.5428571428571428,-0.07258941940059796
0.1714285714285714,-0.22455551071996557
0.5142857142857142,-0.06325992507646627
-0.9428571428571428,0.17489094328606686
0.6857142857142857,-0.4210635117039384
0.6,-0.013545345591224223
-0.3714285714285714,-0.21624478022076532
0.3428571428571428,-0.19326951699317987
-0.2857142857142857,0.0674064168863196
0.1428571428571428,-0.4448655757979698
-0.0857142857142857,0.3271417645196461
0.2857142857142857,-0.13254899914788715
-1.1714285714285717,-0.5427109602413143
0.3714285714285714,-0.4140053304395313
-0.3428571428571428,0.05319393990698984
-0.6857142857142857,-0.09050910945862431
-0.8,-0.07064599357872245
-0.6285714285714286,-0.12570558841757995
0.4285714285714285,-0.1944636428833222
0.0571428571428571,-0.34988075351061676
0.5428571428571428,0.34622790528721
-0.6,0.07284108557601943
1.0571428571428572,0.4748117317917207
-0.5714285714285714,-0.038004490407047065
-0.9142857142857144,-0.4085810790657037
0.2571428571428571,0.5546714918015485
-0.3428571428571428,-0.023817017932526663
-0.7142857142857143,-0.49280845595416206
0.2571428571428571,-0.20425677506955447
-0.7142857142857143,-0.6554416068702555
0.7142857142857143,0.42310243577775536
-0.4857142857142857,-0.04947531869670557
0.3428571428571428,0.3912384298792085
-0.5428571428571428,0.4324098186024115
0.4571428571428571,0.11827411870114862
0.3714285714285714,0.018316513349475927
-1.2857142857142858,-0.6914294697419924
-0.8285714285714286,-0.1750527389018104
-0.5142857142857142,-0.08399247191067785
-0.9428571428571428,-0.6094807438273276
0.5714285714285714,-0.15859074926284455
-0.5142857142857142,-0.4534529529642224
0.7714285714285715,0.6260474722191696
-0.8285714285714286,-0.26435674999253034
-0.2571428571428571,-0.3052758871372546
0.2,0.15729011549099192
1.1142857142857143,0.3269672101171858
-0.5142857142857142,-0.08673038871719757
-0.8571428571428571,-0.06669118040673319
-0.0285714285714285,-0.036904845477575804
0.2,0.1470359339716339
-0.8285714285714286,0.12404969698820761
-0.8571428571428571,0.14521880799055986
0.3142857142857143,-0.36884127763441044
0.5142857142857142,-0.24308361487992639
-0.8285714285714286,-0.6274982079298823
0.0857142857142857,-0.11115400988922895
0.5714285714285714,-0.3508557533622453
-0.7428571428571429,-0.23022063440323506
0.2,-0.2552914430841316
-0.8571428571428571,-0.04085438618218462
-0.8,-0.18181675220388865
0.4285714285714285,-0.19967003283256207
-0.0857142857142857,-0.31449608984524713
0.5714285714285714,-0.3239158030509021
0.2,0.6821088712173433
0.2,0.6798319260761496
-0.3428571428571428,-0.20875880914738512
0.4,-0.16782949004920442
0.1714285714285714,-0.10667000684498033
-0.9142857142857144,-0.2594142569078858
0.4,0.0016998722472613137
0.2857142857142857,-0.16116062496462902
-0.8857142857142857,-0.30217813153425477
-0.4285714285714285,0.05197779455910484
0.6571428571428571,0.02790188564039836
-0.3714285714285714,-0.2590745941720163
0.2,0.19896859117611754
1.2285714285714286,0.23084677562769101
-0.4571428571428571,0.1277075447129178
0.7428571428571429,-0.347113630756801
0.2857142857142857,-0.45745549227197235
-0.2,-0.11300496994271511
0.4857142857142857,0.09410042419891662
1.0571428571428572,0.340255700140252
-0.6,-0.03370989479715206
0.4285714285714285,-0.39370267239882617
-1.3428571428571427,-0.5722019661990474
-0.6285714285714286,-0.13779315181725654
-0.2285714285714285,-0.05086676915023125
-0.8285714285714286,0.07685692794425053
-0.4857142857142857,-0.2008414379426275
0.2285714285714285,0.08804360269764344
-0.0571428571428571,-0.1523784764676256
0.4285714285714285,-0.062201732105718305
-0.8285714285714286,-0.5626001429691194
1.2857142857142858,0.9103899153235278
0.0857142857142857,-0.1488153365290067
-0.7714285714285715,-0.1117895483188085
-0.1142857142857142,-0.09553552426995127
1.0571428571428572,0.001178454970444054
-0.5142857142857142,0.5446011665204149
-1.5142857142857142,-0.6428487029942598
-0.7142857142857143,0.1134677378906897
-0.1142857142857142,-0.18042754608437966
0.2285714285714285,0.18226996869673362
0.7714285714285715,0.6734274416551946
0.6571428571428571,-0.16008163617758936
0.3428571428571428,-0.1281381200604261
-0.8857142857142857,-0.32678898986403815
0.4571428571428571,-0.4002724204974519
-1.2857142857142858,-0.5849764905542036
-1.2285714285714286,-0.6491280090001078
-0.1428571428571428,-0.2478391817261818
-1.457142857142857,-0.5099751725034795
0.7428571428571429,0.08127675250973415
-0.7142857142857143,-0.6833619059114777
0.4857142857142857,-0.08686349468639382
0.3142857142857143,-0.03825225493706644
-0.0857142857142857,-0.10781508353449298
-0.8285714285714286,-0.21748754128186387
0.2857142857142857,-0.44676344534961604
0.0857142857142857,-0.23053247512654718
1.3428571428571427,0.7587963140426515
-0.0571428571428571,-0.2374183234918808
0.0285714285714285,-0.19271014766092076
0.4,-0.14645304945197762
-0.8571428571428571,-0.10847415250279943
-0.8571428571428571,-0.280355297311461
0.7714285714285715,0.6578929085120087
-0.4571428571428571,-0.11370772682192862
0.6857142857142857,-0.0239485658789092
-0.5714285714285714,-0.006507651819555399
0.6285714285714286,-0.1307699360519686
-1.4,-0.5302251908031546
0.4285714285714285,-0.2856514823373196
0.1142857142857142,-0.12414668802144974
0.4285714285714285,-0.01450858129346494
0.4857142857142857,-0.05035310552836231
0.2857142857142857,-0.40387513698462
-0.0571428571428571,-0.2551373912990805
0.2,-0.13152626717237154
-0.3142857142857143,-0.07041488483764963
-1.2285714285714286,-0.7502217638249167
0.6857142857142857,-0.12238787987187089
-0.5714285714285714,-0.3510072110876969
-1.1142857142857143,-0.6850297612310041
-1.4,-0.5729706270153612
0.6285714285714286,-0.06758265558645268
-0.3714285714285714,-0.19442538468239828
-1.1714285714285717,-0.48626791529583674
-1.2857142857142858,-0.5910974850432786
0.6,-0.3578982035322914
0.0857142857142857,-0.40214624303942886
0.4857142857142857,0.9418009386045785
-0.7142857142857143,0.1761476404398024
-0.6285714285714286,-0.2772906247838993
-0.3714285714285714,-0.44281471964835284
-0.7142857142857143,-0.46981169564376274
-0.7428571428571429,-0.05078303785085905
-0.4285714285714285,0.09253698267235261
0.2571428571428571,0.011763210758724219
0.4,0.07023151332173883
0.3428571428571428,0.4721314680678477
0.1714285714285714,-0.26146587707902796
-0.8857142857142857,0.0364903757780084
0.6285714285714286,-0.16422836096141546
0.2285714285714285,-0.37058351084741037
-0.1142857142857142,-0.23078508864118882
-0.6,0.005687191040215422
-0.3714285714285714,-0.14874504648924403
-0.6285714285714286,-0.02243042820402613
0.6857142857142857,0.21514561923479059
0.7714285714285715,0.29382821377922447
-1.0,-0.5285150509929306
-0.9428571428571428,-0.07694893257982938
0.7714285714285715,0.5742947078688294
0.1142857142857142,-0.08318400817933652
0.5142857142857142,-0.11530980593356757
0.1142857142857142,0.04239606089369441
0.2,-0.04245700317808576
0.2,0.8112539390550007
-0.9142857142857144,-0.30798177920219355
0.6571428571428571,0.6097531318566809
0.3428571428571428,0.11229505780822319
0.7142857142857143,0.5464427787492898
-0.6,-0.006956397152483085
0.9142857142857144,-0.012507451629245409
-0.1428571428571428,-0.1692878762077136
0.2,0.19171066569436274
0.2,0.2611404970906764
-0.8285714285714286,-0.13159028632758152
-0.5142857142857142,-0.007303886274743765
-0.3428571428571428,-0.34287046979006053
-0.5714285714285714,-0.2868668655115389
0.3714285714285714,-0.12548630754903606
-0.7142857142857143,-0.24183938984137412
-0.8285714285714286,-0.6185386598244444
-0.9428571428571428,-0.6501474228519383
0.6857142857142857,0.11963559443624
0.9142857142857144,0.24439628890078763
-0.1428571428571428,-0.0927930132802236
0.3142857142857143,-0.10816934458534008
0.1714285714285714,-0.23201711330731387
0.3714285714285714,0.012831496277544152
0.0285714285714285,0.22011529036011063
-0.7428571428571429,0.0645139072018045
0.3428571428571428,-0.14825719253282252
-0.8,-0.3565182418946759
0.6857142857142857,-0.2583492735929418
-0.1142857142857142,-0.3078993136379529
0.2,-0.08526368528347406
0.4857142857142857,0.2787835991493944
-0.6571428571428571,-0.12562544166547757
0.6285714285714286,-0.2522117655138293
